cmeID,observedTime,CME_Angular_Width,CME_Measurement_Position_Angle,CME_Linear_Speed,CME_2nd-order_Speed_At_Final_Height,CME_2nd-order_Speed_At_20_Rs,CME_Acceleration,CME_Mass,IMF_Magnitude_Avg,IMF_Bx,IMF_By_GSM,IMF_Bz_GSM,SW_Plasma_Speed,SW_Plasma_Temperature,SW_Proton_Density,R_Sunspot_Number,maxKP,OG_avgPredictedMaxKpLowerRange,OG_avgPredictedMaxKpUpperRange,OG_medianPredictedMaxKpLowerRange,OG_medianPredictedMaxKpUpperRange,OG_meanofavgPredictedMaxKpRange,ar_fixed,ar_source,ar_flag,ar_group,is_real,uid,storm_level
2013-06-21T03:24:00-CME-001,2013-06-21T03:24:00+00:00,207.0,107,1900.0,1907,1903,1.5,8700000000000000.0,8.183333333333332,5.633333333333333,-4.433333333333334,-1.5833333333333333,470.5,177114.5,8.033333333333333,139.0,4.0,4.5,5.5,4.5,5.5,5.0,,none,missing,-3,1,2013-06-21T03:24:00-CME-001,G0_quiet
2022-04-11T06:00:00-CME-001,2022-04-11T06:00:00+00:00,360.0,66,940.0,1039,1144,26.3,1800000000000000.0,3.8285714285714287,0.9571428571428572,-0.8999999999999998,-0.8,542.4285714285714,149399.2857142857,2.642857142857143,11.0,6.0,3.33333,5.14286,3.0,5.0,4.238095,,none,missing,-63,1,2022-04-11T06:00:00-CME-001,G2_moderate
2022-08-27T02:23:00-CME-001,2022-08-27T02:23:00+00:00,360.0,225,1284.0,1198,1261,-12.1,8900000000000000.0,6.983333333333333,1.9333333333333336,-6.099999999999999,-0.3,318.8333333333333,15988.833333333334,16.0,94.0,4.0,3.0,5.6,3.0,6.0,4.3,13088.0,direct,,13088,1,2022-08-27T02:23:00-CME-001,G0_quiet
2021-05-28T23:12:00-CME-001,2021-05-28T23:12:00+00:00,197.0,264,971.0,974,974,0.5,7000000000000000.0,6.983333333333332,-5.883333333333333,2.3666666666666667,2.3833333333333333,377.3333333333333,38556.833333333336,2.216666666666667,15.0,3.0,3.0,4.66667,3.0,5.0,3.833335,12824.0,direct,,12824,1,2021-05-28T23:12:00-CME-001,G0_quiet
2023-10-16T12:09:00-CME-001,2023-10-16T12:09:00+00:00,360.0,77,574.0,593,585,1.3,6400000000000000.0,2.5500000000000003,2.0500000000000003,-0.8166666666666668,0.6833333333333332,342.5,42184.5,3.5500000000000003,97.0,5.0,2.625,4.625,3.0,4.5,3.625,13467.0,direct,,13467,1,2023-10-16T12:09:00-CME-001,G1_minor
2024-03-23T01:25:00-CME-001,2024-03-23T01:25:00+00:00,360.0,13,1470.0,1385,1438,-14.9,1.6e+16,8.4,1.6,0.1833333333333335,-4.666666666666667,353.1666666666667,42392.833333333336,26.38333333333333,154.0,8.0,5.42857,7.57143,6.0,8.0,6.5,13614.0,direct,,13614,1,2024-03-23T01:25:00-CME-001,G4+_severe_extreme
2022-06-02T06:09:00-CME-001,2022-06-02T06:09:00+00:00,168.0,224,497.0,493,494,-0.3,4600000000000000.0,4.066666666666666,0.8000000000000002,-3.1,-0.6166666666666666,367.3333333333333,29881.666666666668,3.5500000000000003,59.0,3.0,3.33333,5.33333,3.0,5.0,4.33333,,none,missing,-65,1,2022-06-02T06:09:00-CME-001,G0_quiet
2014-02-19T16:00:00-CME-001,2014-02-19T16:00:00+00:00,267.0,189,571.0,512,510,-5.4,2900000000000000.0,11.27142857142857,-7.471428571428571,1.1142857142857143,5.957142857142857,520.7142857142857,53992.28571428572,4.071428571428571,126.0,4.0,3.33333,5.0,3.0,5.0,4.166665,,none,missing,-16,1,2014-02-19T16:00:00-CME-001,G0_quiet
2022-08-18T11:00:00-CME-001,2022-08-18T11:00:00+00:00,360.0,174,1327.0,1164,1216,-28.9,3700000000000000.0,9.142857142857142,5.085714285714286,-0.0428571428571428,-1.3285714285714283,585.8571428571429,226994.7142857143,5.5,87.0,4.0,3.16667,5.14286,3.0,5.0,4.154764999999999,13078.0,direct,,13078,1,2022-08-18T11:00:00-CME-001,G0_quiet
2014-01-30T16:24:00-CME-001,2014-01-30T16:24:00+00:00,360.0,117,1087.0,821,940,-39.1,1e+16,5.116666666666666,-2.583333333333333,3.75,1.45,360.6666666666667,35569.166666666664,1.0333333333333334,99.0,2.0,4.0,5.66667,4.0,6.0,4.833335,11967.0,linked_flr,,11967,1,2014-01-30T16:24:00-CME-001,G0_quiet
2022-08-16T15:24:00-CME-001,2022-08-16T15:24:00+00:00,92.0,184,467.0,585,551,7.6,750000000000000.0,3.4000000000000004,2.333333333333333,-0.6166666666666666,1.0333333333333334,363.1666666666667,30928.666666666668,5.166666666666666,123.0,5.0,3.66667,5.33333,4.0,6.0,4.5,13078.0,direct,,13078,1,2022-08-16T15:24:00-CME-001,G1_minor
2013-12-12T03:54:00-CME-001,2013-12-12T03:54:00+00:00,276.0,236,1002.0,876,943,-15.3,1.4e+16,2.733333333333334,0.1333333333333334,0.15,-1.866666666666667,319.0,26361.0,3.4,151.0,4.0,2.5,4.66667,2.5,4.0,3.583335,,none,missing,-13,1,2013-12-12T03:54:00-CME-001,G0_quiet
2021-05-23T11:38:00-CME-001,2021-05-23T11:38:00+00:00,138.0,273,384.0,267,245,-7.6,810000000000000.0,3.1,1.4833333333333334,-2.45,-0.9666666666666668,384.8333333333333,48306.833333333336,2.0,27.0,5.0,4.0,4.71429,4.0,5.0,4.357145,12824.0,direct,,12824,1,2021-05-23T11:38:00-CME-001,G1_minor
2023-02-11T11:12:00-CME-001,2023-02-11T11:12:00+00:00,360.0,22,1498.0,1371,1456,-22.0,1.1e+16,6.016666666666666,2.1,-3.65,2.516666666666667,474.6666666666667,160810.33333333334,2.5500000000000003,166.0,5.33,3.75,6.75,4.0,7.0,5.25,13216.0,direct,,13216,1,2023-02-11T11:12:00-CME-001,G1_minor
2015-06-18T17:24:00-CME-001,2015-06-18T17:24:00+00:00,360.0,92,1305.0,1182,1219,-23.7,1.8e+16,4.333333333333333,-1.1666666666666667,3.0666666666666664,1.1166666666666667,415.8333333333333,60561.66666666666,2.016666666666666,77.0,4.0,3.25,5.4,3.5,5.0,4.325,12371.0,direct,,12371,1,2015-06-18T17:24:00-CME-001,G0_quiet
2024-05-09T09:24:00-CME-001,2024-05-09T09:24:00+00:00,360.0,207,1280.0,1170,1224,-20.6,8100000000000000.0,3.283333333333333,-2.333333333333333,1.366666666666667,-0.4333333333333334,425.8333333333333,64124.333333333336,3.25,181.0,9.0,6.0,8.2,6.0,8.0,7.1,13664.0,direct,,13664,1,2024-05-09T09:24:00-CME-001,G4+_severe_extreme
2021-05-09T11:23:00-CME-001,2021-05-09T11:23:00+00:00,284.0,252,266.0,250,167,-2.4,250000000000000.0,5.433333333333334,-1.6333333333333335,4.583333333333333,0.15,338.0,25331.83333333333,9.283333333333331,20.0,7.0,3.33333,5.2,3.0,5.0,4.266665,,none,missing,-53,1,2021-05-09T11:23:00-CME-001,G3_strong
2018-08-20T21:24:00-CME-001,2018-08-20T21:24:00+00:00,120.0,266,126.0,216,363,5.4,220000000000000.0,3.233333333333333,1.4500000000000002,-0.8166666666666668,0.6166666666666667,647.0,220011.8333333333,2.2166666666666663,16.0,7.0,2.66667,4.75,3.0,4.5,3.708335,,none,missing,-45,1,2018-08-20T21:24:00-CME-001,G3_strong
2024-02-28T17:48:00-CME-001,2024-02-28T17:48:00+00:00,144.0,288,765.0,959,854,15.8,1e+16,2.716666666666667,1.95,-0.0333333333333333,0.2333333333333333,427.1666666666667,78557.66666666667,3.183333333333333,130.0,5.67,2.5,3.5,2.5,3.5,3.0,13590.0,direct,,13590,1,2024-02-28T17:48:00-CME-001,G1_minor
2015-09-18T04:30:00-CME-001,2015-09-18T04:30:00+00:00,131.0,188,823.0,1196,1030,35.5,7800000000000000.0,6.1000000000000005,-0.6500000000000002,2.9166666666666665,-3.533333333333333,407.3333333333333,53887.5,8.549999999999999,71.0,7.0,3.33333,5.75,4.0,5.5,4.541665,12415.0,direct,,12415,1,2015-09-18T04:30:00-CME-001,G3_strong
2022-01-16T20:48:00-CME-001,2022-01-16T20:48:00+00:00,201.0,329,475.0,457,455,-1.5,2300000000000000.0,5.433333333333333,0.5666666666666667,-2.2833333333333337,0.6166666666666666,601.3333333333334,243081.66666666663,3.9333333333333336,91.0,6.0,3.0,4.33333,3.0,5.0,3.666665,12929.0,direct,,12929,1,2022-01-16T20:48:00-CME-001,G2_moderate
2022-03-07T00:12:00-CME-001,2022-03-07T00:12:00+00:00,204.0,306,241.0,331,500,9.5,730000000000000.0,3.7000000000000006,1.9333333333333336,-0.85,-2.083333333333333,474.3333333333333,126854.83333333331,1.4833333333333334,89.0,4.0,2.8,4.4,3.0,4.0,3.6,12958.0,direct,,12958,1,2022-03-07T00:12:00-CME-001,G0_quiet
2015-06-19T06:42:00-CME-001,2015-06-19T06:42:00+00:00,360.0,177,584.0,865,735,19.5,1.2e+16,4.35,-2.5666666666666664,3.033333333333333,-0.9166666666666666,367.8333333333333,38954.833333333336,2.2333333333333334,68.0,5.0,3.75,6.0,4.0,6.0,4.875,12371.0,note,auto_fixed,12371,1,2015-06-19T06:42:00-CME-001,G1_minor
2013-09-29T22:40:00-CME-001,2013-09-29T22:40:00+00:00,360.0,343,1179.0,1142,1164,-5.3,2.2e+16,2.75,-1.0166666666666666,-0.3666666666666667,-0.2166666666666666,269.6666666666667,14179.333333333334,13.7,51.333333333333336,6.0,3.0,5.5,3.0,5.5,4.25,,none,missing,-10,1,2013-09-29T22:40:00-CME-001,G2_moderate
2024-09-14T15:36:00-CME-001,2024-09-14T15:36:00+00:00,360.0,95,2366.0,2713,2543,111.4,1.7e+16,8.549999999999999,-5.283333333333333,4.15,-2.583333333333333,421.8333333333333,60204.333333333336,2.283333333333333,107.0,7.67,5.57143,8.0,5.0,8.0,6.785715,13825.0,direct,,13825,1,2024-09-14T15:36:00-CME-001,G3_strong
2024-09-08T01:36:00-CME-001,2024-09-08T01:36:00+00:00,166.0,315,535.0,402,354,-13.2,2600000000000000.0,7.866666666666667,5.533333333333332,-3.516666666666667,0.3166666666666667,344.3333333333333,52964.5,6.366666666666667,156.0,3.0,3.4,6.0,3.0,6.0,4.7,,none,missing,-144,1,2024-09-08T01:36:00-CME-001,G0_quiet
2024-12-29T01:23:00-CME-001,2024-12-29T01:23:00+00:00,115.0,182,471.0,454,445,-1.7,830000000000000.0,7.266666666666666,4.4,-4.6000000000000005,-2.083333333333333,332.8333333333333,59804.0,5.583333333333333,234.0,8.0,4.66667,6.33333,4.0,6.0,5.5,13938.0,note,auto_fixed,13938,1,2024-12-29T01:23:00-CME-001,G4+_severe_extreme
2013-05-17T09:24:00-CME-001,2013-05-17T09:24:00+00:00,360.0,50,1345.0,1319,1337,-3.7,5800000000000000.0,4.9,1.0833333333333333,2.333333333333333,-1.3999999999999997,396.6666666666667,53790.833333333336,10.766666666666667,183.0,4.0,5.0,6.0,5.0,6.0,5.5,,none,missing,-1,1,2013-05-17T09:24:00-CME-001,G0_quiet
2021-04-22T05:23:00-CME-001,2021-04-22T05:23:00+00:00,113.0,277,284.0,264,91,-3.6,170000000000000.0,2.9,-0.7000000000000001,-0.2499999999999999,-1.2000000000000002,441.0,51248.5,4.3,44.0,5.0,4.0,5.4,4.0,5.0,4.7,12816.0,direct,,12816,1,2021-04-22T05:23:00-CME-001,G1_minor
2023-05-17T16:36:00-CME-001,2023-05-17T16:36:00+00:00,105.0,219,273.0,244,148,-2.8,3900000000000000.0,4.333333333333333,-3.516666666666667,1.15,0.1333333333333334,388.4,45294.4,2.6,110.0,6.0,3.0,5.0,3.0,5.0,4.0,13303.0,direct,,13303,1,2023-05-17T16:36:00-CME-001,G2_moderate
2017-06-28T16:24:00-CME-001,2017-06-28T16:24:00+00:00,182.0,310,229.0,295,409,5.8,1500000000000000.0,4.3,-3.3000000000000003,2.3,0.75,395.3333333333333,44602.333333333336,3.483333333333333,16.0,5.0,3.0,6.0,3.0,6.0,4.5,12664.0,direct,,12664,1,2017-06-28T16:24:00-CME-001,G1_minor
2021-11-02T02:48:00-CME-001,2021-11-02T02:48:00+00:00,360.0,28,1473.0,1302,1397,-31.1,6100000000000000.0,5.783333333333334,-2.083333333333333,2.316666666666667,-1.0333333333333334,566.3333333333334,171403.5,4.133333333333333,43.0,7.0,4.66667,6.77778,5.0,7.0,5.722225,12891.0,direct,,12891,1,2021-11-02T02:48:00-CME-001,G3_strong
2014-02-04T01:25:00-CME-001,2014-02-04T01:25:00+00:00,181.0,208,528.0,457,501,-4.4,6900000000000000.0,6.8166666666666655,-0.9833333333333334,1.7333333333333334,0.6333333333333334,349.3333333333333,53309.66666666666,9.7,144.0,5.0,2.5,4.66667,2.5,5.0,3.583335,11967.0,direct,,11967,1,2014-02-04T01:25:00-CME-001,G1_minor
2023-09-14T07:24:00-CME-001,2023-09-14T07:24:00+00:00,360.0,304,804.0,857,841,6.0,9800000000000000.0,5.95,-2.1,-3.3000000000000003,3.3666666666666667,459.3333333333333,81690.16666666667,6.650000000000001,134.0,4.67,3.33333,5.16667,3.0,5.5,4.25,13429.0,linked_flr,,13429,1,2023-09-14T07:24:00-CME-001,G0_quiet
2015-04-06T20:36:00-CME-001,2015-04-06T20:36:00+00:00,205.0,75,427.0,435,450,1.1,3300000000000000.0,2.766666666666666,-2.15,0.4166666666666667,0.2666666666666665,447.1666666666667,62170.0,2.85,52.0,6.0,3.5,5.66667,3.5,6.0,4.583335,12320.0,direct,,12320,1,2015-04-06T20:36:00-CME-001,G2_moderate
2023-10-14T04:48:00-CME-001,2023-10-14T04:48:00+00:00,149.0,328,317.0,411,421,5.2,2100000000000000.0,2.9666666666666663,0.1833333333333332,-0.4499999999999999,0.6,513.6666666666666,93943.16666666669,2.5500000000000003,111.0,3.67,2.0,4.0,2.0,4.0,3.0,,none,missing,-103,1,2023-10-14T04:48:00-CME-001,G0_quiet
2021-11-29T10:38:00-CME-001,2021-11-29T10:38:00+00:00,118.0,189,350.0,427,580,10.6,310000000000000.0,4.616666666666666,1.55,-3.4500000000000006,-1.6833333333333336,359.5,56800.333333333336,6.083333333333335,43.0,3.0,3.0,4.8,3.0,5.0,3.9,,none,missing,-57,1,2021-11-29T10:38:00-CME-001,G0_quiet
2023-10-14T14:00:00-CME-001,2023-10-14T14:00:00+00:00,106.0,303,212.0,201,161,-1.0,380000000000000.0,3.214285714285714,-0.5714285714285714,-0.7285714285714285,1.342857142857143,498.4285714285714,81581.28571428571,3.3285714285714283,111.0,3.67,2.0,4.0,2.0,4.0,3.0,13466.0,direct,,13466,1,2023-10-14T14:00:00-CME-001,G0_quiet
2015-05-06T17:00:00-CME-001,2015-05-06T17:00:00+00:00,100.0,273,479.0,608,693,14.8,1100000000000000.0,14.985714285714286,-2.3857142857142857,10.542857142857144,9.014285714285716,434.1428571428572,18701.28571428572,12.714285714285714,124.0,4.0,3.0,5.0,3.0,5.0,4.0,12335.0,direct,,12335,1,2015-05-06T17:00:00-CME-001,G0_quiet
2024-09-10T00:23:00-CME-001,2024-09-10T00:23:00+00:00,360.0,359,643.0,646,645,0.3,1.4e+16,8.316666666666666,4.983333333333333,-3.6666666666666665,3.1333333333333333,415.3333333333333,170669.83333333334,3.766666666666666,141.0,7.0,4.42857,6.71429,5.0,7.0,5.571429999999999,13814.0,direct,,13814,1,2024-09-10T00:23:00-CME-001,G3_strong
2024-10-09T02:12:00-CME-001,2024-10-09T02:12:00+00:00,360.0,306,1435.0,1163,1303,-52.1,5e+16,6.766666666666667,-1.8166666666666669,2.2500000000000004,-3.533333333333333,454.0,185295.5,5.416666666666667,141.0,8.67,6.5,8.33333,6.0,8.0,7.416665,13848.0,direct,,13848,1,2024-10-09T02:12:00-CME-001,G4+_severe_extreme
2022-07-21T01:48:00-CME-001,2022-07-21T01:48:00+00:00,360.0,359,875.0,818,808,-9.5,3700000000000000.0,8.083333333333334,6.133333333333333,-4.0,2.066666666666667,368.8333333333333,60330.16666666666,11.983333333333334,110.0,5.0,5.57143,7.0,5.0,7.0,6.285715,13060.0,direct,,13060,1,2022-07-21T01:48:00-CME-001,G1_minor
2022-02-06T14:09:00-CME-001,2022-02-06T14:09:00+00:00,360.0,175,334.0,348,356,1.0,650000000000000.0,4.433333333333334,2.6666666666666665,-1.1833333333333331,-1.116666666666667,538.5,148838.83333333334,1.45,78.0,5.0,3.33333,5.5,3.0,5.5,4.416665,12939.0,direct,,12939,1,2022-02-06T14:09:00-CME-001,G1_minor
2024-06-25T05:00:00-CME-001,2024-06-25T05:00:00+00:00,154.0,280,445.0,628,552,9.2,7800000000000000.0,6.728571428571429,1.8285714285714283,-2.5142857142857147,-3.5857142857142854,310.7142857142857,54527.71428571428,9.714285714285714,146.0,7.67,2.9450000000000003,4.945,3.0,5.0,3.945,,none,missing,-135,1,2024-06-25T05:00:00-CME-001,G3_strong
2014-02-25T01:25:00-CME-001,2014-02-25T01:25:00+00:00,360.0,73,2147.0,1809,2069,-158.1,2.2e+16,3.0,1.1833333333333331,0.2,1.7999999999999998,447.0,69148.83333333333,3.283333333333333,171.0,6.0,3.0,5.0,3.0,5.0,4.0,,none,missing,-17,1,2014-02-25T01:25:00-CME-001,G2_moderate
2015-12-28T12:39:00-CME-001,2015-12-28T12:39:00+00:00,360.0,163,1212.0,1243,1228,4.6,1.9e+16,2.7166666666666663,-1.2,0.0666666666666667,0.2,420.6666666666667,68648.16666666667,4.883333333333334,70.0,6.0,4.5,6.6,4.5,7.0,5.55,12473.0,direct,,12473,1,2015-12-28T12:39:00-CME-001,G2_moderate
2014-06-04T13:25:00-CME-001,2014-06-04T13:25:00+00:00,360.0,160,467.0,1258,1035,43.7,1.6e+16,4.6000000000000005,1.4333333333333331,-3.2166666666666663,-1.1,319.5,22307.5,11.1,64.0,6.0,3.0,6.0,3.0,6.0,4.5,12080.0,note,auto_fixed,12080,1,2014-06-04T13:25:00-CME-001,G2_moderate
2014-01-14T10:24:00-CME-001,2014-01-14T10:24:00+00:00,164.0,12,404.0,477,476,4.9,1500000000000000.0,4.0,2.5666666666666664,-1.1166666666666667,-0.3166666666666667,637.8333333333334,130963.83333333331,1.8333333333333337,96.0,1.0,3.0,4.5,3.0,4.5,3.75,11950.0,direct,,11950,1,2014-01-14T10:24:00-CME-001,G0_quiet
2024-09-13T10:12:00-CME-001,2024-09-13T10:12:00+00:00,117.0,318,541.0,610,588,5.0,1800000000000000.0,6.300000000000001,-3.4500000000000006,-0.0666666666666666,-3.5,490.0,94216.33333333331,1.7,109.0,4.33,4.0,6.0,4.0,6.0,5.0,13814.0,direct,,13814,1,2024-09-13T10:12:00-CME-001,G0_quiet
2022-10-01T13:09:00-CME-001,2022-10-01T13:09:00+00:00,360.0,286,775.0,621,0,-39.3,1400000000000000.0,7.983333333333334,-6.816666666666666,2.0,0.45,429.8333333333333,105551.16666666669,1.5666666666666669,110.0,4.0,3.5,5.5,3.5,5.5,4.5,13113.0,direct,,13113,1,2022-10-01T13:09:00-CME-001,G0_quiet
2021-05-22T22:09:00-CME-001,2021-05-22T22:09:00+00:00,149.0,293,459.0,472,480,1.3,690000000000000.0,3.516666666666667,2.6833333333333336,-1.4166666666666667,-0.8333333333333334,423.5,54148.833333333336,1.7999999999999998,25.666666666666668,5.0,3.4,5.8,3.0,6.0,4.6,12824.0,direct,,12824,1,2021-05-22T22:09:00-CME-001,G1_minor
2013-04-11T07:36:00-CME-001,2013-04-11T07:36:00+00:00,360.0,85,861.0,792,819,-8.1,2.2e+16,6.333333333333333,-2.95,3.083333333333334,0.6333333333333334,419.8333333333333,124730.66666666669,5.199999999999999,126.0,3.0,5.5,7.0825,5.5,7.165,6.29125,11719.0,linked_flr,,11719,1,2013-04-11T07:36:00-CME-001,G0_quiet
2014-12-19T00:27:00-CME-001,2014-12-19T00:27:00+00:00,360.0,98,1195.0,1052,1331,-57.0,3400000000000000.0,6.933333333333334,-2.983333333333333,3.6833333333333336,-1.2666666666666668,360.5,60946.833333333336,4.566666666666667,175.0,5.0,5.75,7.6,6.0,8.0,6.675,12241.0,direct,,12241,1,2014-12-19T00:27:00-CME-001,G1_minor
2015-06-21T02:48:00-CME-001,2015-06-21T02:48:00+00:00,360.0,72,1366.0,1477,1434,21.2,9600000000000000.0,3.033333333333333,-2.466666666666667,1.5833333333333337,0.1,292.8333333333333,11999.333333333334,9.15,61.0,8.0,5.5,7.8,5.5,8.0,6.65,12371.0,direct,,12371,1,2015-06-21T02:48:00-CME-001,G4+_severe_extreme
2022-04-27T14:53:00-CME-001,2022-04-27T14:53:00+00:00,127.0,317,807.0,746,780,-5.9,1900000000000000.0,5.816666666666667,-0.65,1.5833333333333333,-3.466666666666667,465.3333333333333,207473.0,5.733333333333333,133.0,5.0,3.66667,5.5,3.5,5.5,4.583335,12996.0,direct,,12996,1,2022-04-27T14:53:00-CME-001,G1_minor
2015-06-22T18:36:00-CME-001,2015-06-22T18:36:00+00:00,360.0,358,1209.0,1065,1147,-25.1,4400000000000000.0,28.26666666666667,-6.449999999999999,10.533333333333331,6.016666666666667,652.3333333333334,850752.1666666666,32.61666666666667,54.16666666666666,6.0,5.66667,7.6,6.0,8.0,6.633335,12371.0,direct,,12371,1,2015-06-22T18:36:00-CME-001,G2_moderate
2015-03-15T02:00:00-CME-001,2015-03-15T02:00:00+00:00,360.0,240,719.0,611,682,-9.0,3e+16,5.271428571428572,3.585714285714286,-0.0571428571428572,-1.5,325.85714285714283,35568.28571428572,19.88571428571429,53.0,7.67,4.66667,6.4,5.0,7.0,5.533335,12297.0,direct,,12297,1,2015-03-15T02:00:00-CME-001,G3_strong
2015-06-25T08:36:00-CME-001,2015-06-25T08:36:00+00:00,360.0,330,1627.0,1488,1594,-24.8,3.1e+16,9.833333333333334,-1.6166666666666665,-4.766666666666667,-3.7,630.6666666666666,90904.0,5.716666666666666,27.0,3.0,3.0,5.75,3.0,5.5,4.375,12371.0,direct,,12371,1,2015-06-25T08:36:00-CME-001,G0_quiet
2023-04-15T12:36:00-CME-001,2023-04-15T12:36:00+00:00,124.0,58,353.0,318,159,-5.1,460000000000000.0,4.516666666666667,-3.266666666666666,-1.0333333333333334,-2.066666666666667,346.8333333333333,18275.666666666668,11.083333333333334,177.0,4.0,2.0,3.0,2.0,3.0,2.5,,none,missing,-90,1,2023-04-15T12:36:00-CME-001,G0_quiet
2014-01-07T18:24:00-CME-001,2014-01-07T18:24:00+00:00,360.0,231,1830.0,1569,1714,-60.8,2.2e+16,6.783333333333332,-5.316666666666666,2.716666666666667,-1.8166666666666669,379.3333333333333,54737.66666666666,10.7,134.5,3.0,6.0,7.625,6.0,8.0,6.8125,11943.0,direct,,11943,1,2014-01-07T18:24:00-CME-001,G0_quiet
2015-12-16T09:36:00-CME-001,2015-12-16T09:36:00+00:00,360.0,334,579.0,529,487,-6.7,2300000000000000.0,4.65,3.633333333333333,-2.1333333333333333,1.7666666666666668,507.8333333333333,103522.33333333331,0.8666666666666666,63.0,6.0,3.75,5.8,4.0,6.0,4.775,12468.0,direct,,12468,1,2015-12-16T09:36:00-CME-001,G2_moderate
2023-12-14T17:38:00-CME-001,2023-12-14T17:38:00+00:00,360.0,291,948.0,872,921,-8.0,1.1e+16,5.5,-1.85,1.9,-3.533333333333333,302.8333333333333,51290.833333333336,5.633333333333333,117.0,6.0,3.375,5.625,3.0,6.0,4.5,13514.0,direct,,13514,1,2023-12-14T17:38:00-CME-001,G2_moderate
2023-11-09T12:23:00-CME-001,2023-11-09T12:23:00+00:00,360.0,328,573.0,411,509,-11.3,1.3e+16,4.283333333333333,0.9666666666666668,-2.5666666666666664,0.5333333333333333,672.8333333333334,177810.0,2.3666666666666667,99.0,4.0,4.375,6.25,4.0,6.0,5.3125,13480.0,direct,,13480,1,2023-11-09T12:23:00-CME-001,G0_quiet
2014-04-02T13:55:00-CME-001,2014-04-02T13:55:00+00:00,360.0,60,1471.0,1464,1468,-1.2,1.4e+16,4.95,-3.0499999999999994,-1.5,0.0833333333333333,403.3333333333333,66748.0,3.25,114.0,4.0,4.0,6.33333,4.0,7.0,5.166665,12027.0,direct,,12027,1,2014-04-02T13:55:00-CME-001,G0_quiet
2015-05-02T21:36:00-CME-001,2015-05-02T21:36:00+00:00,360.0,115,335.0,430,394,3.8,1.3e+16,6.966666666666666,-4.483333333333333,2.866666666666667,-0.4499999999999999,403.1666666666667,56644.66666666666,3.0500000000000003,40.66666666666666,5.0,3.0,5.0,3.0,5.0,4.0,,none,missing,-27,1,2015-05-02T21:36:00-CME-001,G1_minor
2022-03-28T12:09:00-CME-001,2022-03-28T12:09:00+00:00,360.0,127,702.0,438,0,-47.0,1.5e+16,3.4166666666666674,1.5833333333333333,2.05,1.5499999999999998,479.1666666666667,49307.5,3.333333333333333,137.0,5.0,4.0,6.25,4.0,6.0,5.125,12975.0,direct,,12975,1,2022-03-28T12:09:00-CME-001,G1_minor
2016-04-10T11:00:00-CME-001,2016-04-10T11:00:00+00:00,136.0,25,543.0,547,547,0.4,4600000000000000.0,6.885714285714286,-3.842857142857143,2.9714285714285715,3.942857142857143,358.85714285714283,56034.71428571428,14.128571428571428,34.0,5.0,4.0,5.5,4.0,5.5,4.75,12529.0,note,auto_fixed,12529,1,2016-04-10T11:00:00-CME-001,G1_minor
2024-05-08T22:24:00-CME-001,2024-05-08T22:24:00+00:00,360.0,213,952.0,959,954,0.7,3.4e+16,2.75,-1.0833333333333333,1.6833333333333331,0.0999999999999999,460.3333333333333,85131.0,2.983333333333333,179.33333333333334,9.0,6.0,8.25,5.5,8.0,7.125,13664.0,direct,,13664,1,2024-05-08T22:24:00-CME-001,G4+_severe_extreme
2013-05-22T13:24:00-CME-001,2013-05-22T13:24:00+00:00,360.0,287,1466.0,1394,1438,-13.2,3.3e+16,3.25,1.65,-0.1166666666666666,-1.7166666666666668,447.3333333333333,34651.166666666664,12.716666666666669,131.0,5.0,4.33333,5.665,4.0,5.0,4.999165,,none,missing,-2,1,2013-05-22T13:24:00-CME-001,G1_minor
2024-09-11T02:23:00-CME-001,2024-09-11T02:23:00+00:00,125.0,359,567.0,651,660,8.2,1300000000000000.0,4.383333333333334,2.333333333333333,-2.533333333333333,-0.2833333333333333,361.0,50577.16666666666,6.066666666666666,147.0,6.0,4.33333,6.33333,4.0,6.0,5.33333,13814.0,direct,,13814,1,2024-09-11T02:23:00-CME-001,G2_moderate
2014-09-10T18:24:00-CME-001,2014-09-10T18:24:00+00:00,360.0,175,1267.0,950,1119,-51.6,2.1e+16,7.233333333333334,1.1166666666666665,-1.433333333333333,-0.6333333333333334,365.1666666666667,50219.66666666666,14.633333333333333,167.5,7.0,5.5,7.66667,6.0,8.0,6.583335,12158.0,direct,,12158,1,2014-09-10T18:24:00-CME-001,G3_strong
2022-08-13T18:48:00-CME-001,2022-08-13T18:48:00+00:00,120.0,160,421.0,606,713,18.5,1500000000000000.0,4.766666666666667,0.1333333333333334,1.8833333333333329,-1.6666666666666667,491.3333333333333,182834.5,2.783333333333333,109.16666666666669,6.0,3.0,4.66667,3.0,4.0,3.833335,13078.0,direct,,13078,1,2022-08-13T18:48:00-CME-001,G2_moderate
